{
    "subscriptions": {
        "notifications": [
            {
                "platform": "ifttt",
                "webhook_key": "",
                "events": [
                    {
                        "title": "WALLET_ARRIVED",
                        "permission": false
                    },
                    {
                        "title": "TRADE_CYCLED",
                        "permission": false
                    },
                    {
                        "title": "SCRIPT_STOPPED",
                        "permission": false
                    }
                ]
            }
        ] 
    }
    
}